,Aspect,Category,TweetID
0,Favorit,CONTENDER_General,1144116881596571648
1,Obszön!,JURY_Discussion_Valuation,1144940670433529856
2,zwischenhuster,ONSITE-AUDIENCE_Behaviour,1144161286386835456
3,tddl,META_Main-Event,1144159767914586112
4,Favs,TEXT_General,1144159767914586112
5,"Menschen, die sich in Pflanzen verwandeln",TEXT_General-Content_Plot,1144160083389140993
6,Raunen,READING_Pronunciation_Intonation_Understandability,1144160083389140993
7,Zusammenhang,TEXT_General-Content_Plot,1144160083389140993
8,einzelne Bilder,TEXT_General-Content_Plot,1144160083389140993
9,Gesamtbild,TEXT_General-Content_Plot,1144160083389140993
10,"detailliert Fahrt & Hinrichtung beschrieben, aber ohne Dialoge, ohne Namen, ohne Ostfronterinnerungen, und dann, im allerletzten Absatz, die Liste der Ermordeten, ein Dutzend Nachnamen, dazwischen die Scholls",TEXT_General-Content_Plot,1144942716905803776
11,es,TEXT_General,1144943798906228737
12,"Herr Winkels entscheidet ab sofort, was in der Literatur „geht“ und was nicht.",JURY_Discussion_Valuation,1144944496012091392
13,Literatur,META_Literature_Literary-Prizes,1144944496012091392
14,Bachmann,META_Main-Event,1144156402543484929
15,Tweets über #tddl,META_Technology_Social-Media,1144959348814360578
16,Ende der #tddl,META_Main-Event,1144963940105035776
17,"Hubert steht an der Drau und sucht die Furt, um ohne Klagen das Weite zu suchen.",JURY_Behaviour,1144963940105035776
18,Sobald ich Ankowitsch höre,JURY_Voice_Language-Use,1144154475931799553
19,österreichisch,JURY_Voice_Language-Use,1144154475931799553
20,Outfit,JURY_Appearance_Clothing,1144154789430910976
21,tddl,META_Main-Event,1144154801556590592
22,Jury,JURY_General,1144154516172005377
23,https://twitter.com/KlausKastberger/status/1144152391354322944,META_Online-Assessment,1144154516172005377
24,tddl,META_Main-Event,1144964729158492160
25,Autorenvideo,META_Videoportrait,1144156364341731328
26,Stimme,CONTENDER_Voice_Language-Use,1144156364341731328
27,@KlausKastberger applaudiert #Beyer nicht.,JURY_Behaviour,1144944206944907264
28,text,TEXT_General,1144943657482670080
29,jury so polarisieren,JURY_Discussion_Valuation,1144943657482670080
30,Beyer,CONTENDER_General,1144942603449831429
31,#tddl-Hashtag verfolgt,META_Technology_Social-Media,1144160125973925888
32,https://twitter.com/Frank__Hornung/status/1144158640158519296,META_Online-Assessment,1144160125973925888
33,Theater,META_Main-Event,1144159773895606272
34,tddl,META_Main-Event,1144159773895606272
35,Bühnendeko,META_Location,1144161276786040832
36,tddl,META_Main-Event,1144161276786040832
37,Der Erklärbär zeigt Zähne. #tddl #wiederstein,JURY_Behaviour,1144940617123934208
38,acmetheater on Twitter,META_Technology_Social-Media,1144064077196607488
39,"acmetheater on Twitter: ""die #tddl sind dope!… """,META_Online-Assessment,1144064077196607488
40,tddl,META_Main-Event,1144064077196607488
41,https://twitter.com/theateracme/status/1143604347831541767,META_Online-Assessment,1144064077196607488
42,tddl,META_Main-Event,1144048611292045313
43,Gleich verlangt Michael Wiederstein Satisfaktion. Die Waffe seiner Wahl: ein Fächer.,JURY_Behaviour,1144940426736087040
44,tddl,META_Main-Event,1144160066414796800
45,Klagenfurt,META_Main-Event,1144159754362728448
46,Text wie von #Schultens,TEXT_General,1144159754362728448
47,lobende Rezensionen von #Wilke,JURY_Discussion_Valuation,1144159754362728448
48,Sätze im Text,TEXT_Language_Style,1144159541745131521
49,voting,META_Voting,1144947549175988224
50,tddl,META_Main-Event,1144944545005805569
51,Sommertag,META_Weather,1144943822679527425
52,Abstimmen zur Jurorin/zum Juror 2019,META_Voting,1144943822679527425
53,Jury,JURY_General,1144943822679527425
54,jurybewertung,"META_Voting,JURY_General",1144943822679527425
55,tddl,META_Main-Event,1144959320028864514
56,Texte zum Lesen,TEXT_General,1144959320028864514
57,abstimmen f. d. Publikumspreis,META_Voting,1144959320028864514
58,Intro,META_Main-Event,1144153943272054784
59,Musik,META_Music,1144153943272054784
60,ankowitsch hat im Garten anmoderiert und ist jetzt im Studio angekommen,JURY_Behaviour,1144154706912133120
61,tddl,META_Main-Event,1144989372313415681
62,Heute lesen nur Frauen,CONTENDER_Gender,1144154464435298304
63,auf eurer Website abstimmen,META_Technology_Social-Media,1144988781826756609
64,abstimmen,META_Voting,1144988781826756609
65,Abstimmungsverfahren,"META_Voting,META_Technology_Social-Media",1144988781826756609
66,Handy,META_Technology_Social-Media,1144988781826756609
67,SMS,META_Technology_Social-Media,1144988781826756609
68,Es geht loooooos #tddl,META_Main-Event,1144154452758269952
69,Kann losgehen,META_Main-Event,1144154661940867072
70,tddl,META_Main-Event,1144957965692223488
71,WLAN,META_Online-Assessment,1144153851626446848
72,tddl,META_Main-Event,1144153851626446848
73,tddl -Samstag,META_Main-Event,1144962349482352640
74,"RT @monaaarg: wenn jemand dir Nazikitsch andrehen will, einfach immer wieder ""Nee"" sagen wie Wilke.",META_Online-Assessment,1144943832322183169
75,Nazikitsch,TEXT_General-Content_Plot,1144943832322183169
76,Nee sagen wie Wilke,JURY_Discussion_Valuation,1144943832322183169
77,14 Texte der diesjährigen #tddl,TEXT_General,1144944660609208320
78,Wer sollte morgen den Bachmannpreis gewinnen?,META_Winner_Award-Ceremony,1144944660609208320
79,Eröffnungsrede von Clemens J. Setz,META_Opening-Speech,1144947325388959746
80,Literatur,META_Literature_Literary-Prizes,1144947325388959746
81,#tddl-Twitterer,META_Technology_Social-Media,1144159328909385729
82,"#tddl-Twitterer auf einmal bekannten, bei den Worten Schwanz und Hühnerkacke aufgemerkt zu haben",META_Online-Assessment,1144159328909385729
83,tddl,META_Main-Event,1144159745311424514
84,tddl,META_Main-Event,1144160001545711616
85,https://twitter.com/Wolfseule/status/1144159773895606272,META_Online-Assessment,1144160001545711616
86,drei von denen waren halt die Mitglieder der Weißen Rose.,"JURY_Quote,JURY_Discussion_Valuation",1144940500358766593
87,Lesungen,READING_General,1144048775541002246
88,eröffnungsrede,META_Opening-Speech,1144038490637778944
89,"Wiederstein hat ""Stella"" gesagt.",JURY_Discussion_Valuation,1144940348722089984
90,Stella,ALLO-REFERENCES_TEXT_Other-Text,1144940348722089984
91,tddlkanon,"ALLO-REFERENCES_General,JURY_Discussion_Valuation",1144940348722089984
92,fangen die #tddl an,META_Main-Event,1144158754994307072
93,Literaturlaub,META_Main-Event,1144158754994307072
94,Handlung,TEXT_General-Content_Plot,1144160133309784064
95,sprachlichen Gerippe,TEXT_Language_Style,1144160133309784064
96,inneren Stimme,TEXT_PoV_Narration,1144160133309784064
97,Text ist sprachlich,TEXT_Language_Style,1144159570954248192
98,tddl,META_Main-Event,1144954727815364610
99,Backstage bei der Jury,JURY_General,1144944168390860800
100,"wen hört man da atmen, stöhnen u. prusten?",ONSITE-AUDIENCE_Behaviour,1144943946369511426
101,Birgit Birnbacher,CONTENDER_General,1144980325531049984
102,Sarah Wipauer,CONTENDER_General,1144980325531049984
103,Ines Birkhan,CONTENDER_General,1144980325531049984
104,abstimmen,META_Voting,1144980325531049984
105,tddl,META_Main-Event,1144154826873495554
106,Kolportage,META_Literature_Literary-Prizes,1144154077548466176
107,"Um realistisch zu schreiben, muss du zu Absurdität bereit sein",META_Literature_Literary-Prizes,1144154077548466176
108,Kommentatorenbühne der #tddl,META_Location,1144152438087323649
109,Es beginnt in 5 Minuten der erste Lesetag,META_Main-Event,1144152438087323649
110,tddlKanon,ALLO-REFERENCES_General,1144955595281317888
111,"Jury, die ihre Referenzen nannte und offenlegte",JURY_Discussion_Valuation,1144955595281317888
112,Referenzen,ALLO-REFERENCES_General,1144955595281317888
113,Othmann,CONTENDER_General,1144956659921543168
114,Bilder auf Instagram,META_Technology_Social-Media,1144965891886596101
115,Literaturwettbewerb,META_Main-Event,1144965891886596101
116,#tddl-Tweets,META_Technology_Social-Media,1144965891886596101
117,Texte,TEXT_General,1144965891886596101
118,Jurydiskussionen,JURY_Discussion_Valuation,1144965891886596101
119,WLAN,META_Technology_Social-Media,1144152773946171392
120,Videoporträts,META_Videoportrait,1144154254107656194
121,wer gewinnt #tddl 2019,META_Winner_Award-Ceremony,1144982390974177281
122,tddl,META_Main-Event,1144154860021063681
123,den diesjährigen,TEXT_General,1144943918330630144
124,Wer hat denn grad die ganze Zeit dampfablassend ins Mikro geatmet?,ONSITE-AUDIENCE_Behaviour,1144944128410705921
125,Sarah Wipauer,CONTENDER_General,1144955296772546561
126,Juroren,JURY_General,1144955296772546561
127,"Sonnenbrillen, die zuhören.",ONSITE-AUDIENCE_Appearance_Clothing,1144159581117001734
128,Text,TEXT_General,1144160218609328128
129,"ihre Wörter, ihre Sätze",TEXT_Language_Style,1144158861177364480
130,Eröffnung,META_Main-Event,1144046129161613314
131,Lesereihenfolge,READING_General,1144046129161613314
132,Keyfabe,META_Opening-Speech,1144046129161613314
133,Darf so nicht geschrieben werden? #Winkels,JURY_Discussion_Valuation,1144940352287203329
134,"das sind kritiker, keine lektoren.",JURY_General,1144160667873763328
135,Jurydiskussion,JURY_Discussion_Valuation,1144159675333713920
136,Schwangerschaft der Autorin,CONTENDER_General,1144159675333713920
137,Rede von Clemens J. Setz zur tddl-Eröffnung,META_Opening-Speech,1144160247025754112
138,"Wie arrogant, er würdigt den #Wiederstein keines Blickes. Winkels vergötzt wieder mal sich selbst.",JURY_Behaviour,1144943865306202112
139,Grauen ist Dauerthema 2019,TEXT_Motifs_Themes,1144943865306202112
140,"input, der vergleich zu @OthmannRonya",JURY_Discussion_Valuation,1144944099994275845
141,Nazikitsch,TEXT_General,1144943335959924736
142,Nee sagen wie Wilke,JURY_Discussion_Valuation,1144943335959924736
143,liest die Autorin,READING_General,1144155936552103939
144,Intonation,READING_Pronunciation_Intonation_Understandability,1144155936552103939
145,wie sie beim Videoporträt spricht,CONTENDER_Voice_Language-Use,1144155936552103939
146,Videoporträt,META_Videoportrait,1144155936552103939
147,Geht los! #tddl,META_Main-Event,1144154271711191040
148,"sitzt Nora Gomringer nicht mehr gegenüber dem @KlausKastberger, sondern neben ihm.",JURY_Seating,1144155136199143425
149,tddl,META_Main-Event,1144956962544738304
150,so heiß,META_Weather,1144966327901335553
151,tddl,META_Main-Event,1144161294712561664
152,tddl,META_Main-Event,1144966312231342080
153,Literatur,META_Literature_Literary-Prizes,1144956954604912640
154,Text,TEXT_General,1144956954604912640
155,Start im #Lendhafen,"META_Main-Event,META_Location",1144155124253765632
156,tddl,META_Main-Event,1144155124253765632
157,Im Studio,META_Location,1144154267349082112
158,Lesungen,READING_General,1144154267349082112
159,gomringernora,CONTENDER_General,1144155997457584133
160,ihrem Text,TEXT_General,1144155997457584133
161,den Bachmannpreis gewann,META_Winner_Award-Ceremony,1144155997457584133
162,sie in der Jury,JURY_General,1144155997457584133
163,Kitsch des Erzählers Beyer,TEXT_PoV_Narration,1144943487919579136
164,Kitsch seiner Hauptfigur,TEXT_Characters,1144943487919579136
165,Kontroversen,JURY_Discussion_Valuation,1144944112413696000
166,kastenbergerplakativ,JURY_Discussion_Valuation,1144943908985745408
167,metaphorische Botanik im Text,TEXT_Motifs_Themes,1144160236216958976
168,Text auf dem Tablet,META_Technology_Social-Media,1144159659227516928
169,keinen Anschluss,META_Technology_Social-Media,1144159659227516928
170,am Lesen,READING_General,1144160755664805888
171,beim Text,TEXT_General,1144160755664805888
172,Wiederstein: Der Text habe mit der Stella-Debatte nichts zu tun. Die Figuren seien keine Abziehbildchen.,JURY_Discussion_Valuation,1144940364987604993
173,Text,TEXT_General,1144940364987604993
174,Figuren,TEXT_Characters,1144940364987604993
175,klimatisiert,META_Weather,1144047126403588096
176,kühler,META_Weather,1144047126403588096
177,"Person im Publikum sieht aus, als ob sie schläft",ONSITE-AUDIENCE_Behaviour,1144156776591437825
178,Lippen kucken #tddl #Schultens,CONTENDER_Appearance_Clothing,1144157093534060544
179,Starterin,CONTENDER_General,1144158192634597376
180,Hannah Arendt in a nutshell.,JURY_Quote,1144940883239981057
181,Hannah Arendt in a nutshell. (Wiederstein),JURY_Discussion_Valuation,1144940883239981057
182,Text von Leander Fischer,TEXT_General,1145014633067139079
183,Diskussion,JURY_Discussion_Valuation,1145014633067139079
184,"die, die immer fragen",META_Online-Assessment,1144148654569205760
185,tddl meint https://bachmannpreis.orf.at,META_Main-Event,1144148654569205760
186,Literaturpreise,META_Literature_Literary-Prizes,1145023061542002688
187,wer welchen Preis erhält,META_Winner_Award-Ceremony,1145012013313212416
188,wer zum besten Juror gewählt wird,META_Voting,1145012013313212416
189,Juror,JURY_General,1145012013313212416
190,tddl,META_Opening-Speech,1144124909926387712
191,https://twitter.com/kochkunstRecook/status/1144123200307118081,META_Online-Assessment,1144124909926387712
192,Shortlist 2019,META_Shortlist,1145011751232135168
193,Birnbacher,CONTENDER_General,1145011751232135168
194,Fischer,CONTENDER_General,1145011751232135168
195,Jost,CONTENDER_General,1145011751232135168
196,Schultens,CONTENDER_General,1145011751232135168
197,Wipauer,CONTENDER_General,1145011751232135168
198,Othmann,CONTENDER_General,1145011751232135168
199,Federer,CONTENDER_General,1145011751232135168
200,für den BKS-Publikumspeis abgestimmt werden,META_Voting,1145022495247994889
201,Firefox,META_Technology_Social-Media,1145022495247994889
202,Abstimmung,META_Voting,1145022495247994889
203,Browser,META_Technology_Social-Media,1145022495247994889
204,Chrome,META_Technology_Social-Media,1145022495247994889
205,Porträt,META_Videoportrait,1145014323720392705
206,standseilbahn,CONTENDER_General,1144148483726807040
207,tddl,META_Main-Event,1144148483726807040
208,männlichen Teilnehmer,CONTENDER_Gender,1144940951305117696
209,Spekulativer Roman mit ganz viel Schwanz,TEXT_General-Content_Plot,1144158135252393984
210,spekulativer Roman,CONTENDER_Quote,1144156995278299137
211,Die. Lesen. Ja. Immer. Als. Sei. Zwischen. Jedem. Wort. Ein. Punkt.,READING_Flow_Rhythm_Punctuation,1144156691577155584
212,Perspektivschneise,TEXT_PoV_Narration,1144157139428155395
213,tddl,META_Main-Event,1144156780131422208
214,Stella,ALLO-REFERENCES_TEXT_Other-Text,1144941271896723456
215,Beyer,CONTENDER_General,1144941271896723456
216,wiederstein,JURY_General,1144940872812892162
217,wiederstein gewinnt den jurorpreis N I C H T,META_Voting,1144940872812892162
218,heat,META_Weather,1145100196654829569
219,Bachmannpreisstudio,META_Location,1145100196654829569
220,tddl,META_Main-Event,1145023157318955010
221,Ende der Publikumsabstimmung,META_Voting,1145014933408628738
222,publikumspreis,META_Voting,1145014933408628738
223,balkone,META_Location,1144130036380962817
224,Photo,META_Technology_Social-Media,1144131695072952322
225,Bildunterschrift,META_Technology_Social-Media,1144131695072952322
226,Literatur,META_Literature_Literary-Prizes,1145015498163269632
227,"Insa Wilke: ""Auch auf dem Kunstmarkt, dem Literaturmarkt sind die Goldkopfnymphen am fängigsten""",JURY_Discussion_Valuation,1145023260742103040
228,"Auch auf dem Kunstmarkt, dem Literaturmarkt sind die Goldkopfnymphen am fängigsten",JURY_Quote,1145023260742103040
229,Literaturmarkt,META_Literature_Literary-Prizes,1145023260742103040
230,unterschiedlichen Qualitäten der Vorträge,READING_General,1145094839886929922
231,Autoren,CONTENDER_General,1145094839886929922
232,Vorleser,CONTENDER_Voice_Language-Use,1145094839886929922
233,Text,TEXT_General,1145094839886929922
234,"wir sind die, die sie nicht getötet haben. wir leben nicht, wir sind nur nicht getötet worden […]. zwischen am leben sein & leben ist ein unterschied. die frage nach dem warum ist keine frage, sie ist ausformulierte sprachlosigkeit.",TEXT_Quote,1144940872963907584
235,Herr Kastberger,JURY_General,1144941236274585600
236,Liest,READING_General,1144156780081111040
237,Pausen,READING_Flow_Rhythm_Punctuation,1144156780081111040
238,Wörter,TEXT_Language_Style,1144156780081111040
239,TDDL-Texten,TEXT_General,1144157162316423173
240,Namen,TEXT_Characters,1144157162316423173
241,erste Text ist ein Auszug aus einem spekulativen Roman,TEXT_General,1144157246215114753
242,Katharina Schultens,CONTENDER_General,1144157246215114753
243,Sie liest auf Einladung von Insa Wilke,READING_General,1144157246215114753
244,Insa Wilke,JURY_General,1144157246215114753
245,TDDL beginnen,META_Main-Event,1144156656726675456
246,ersten Lesung,READING_General,1144156656726675456
247,Katharina Schultens.,CONTENDER_General,1144156656726675456
248,"Klar darf man das literarisch bearbeiten, man muss es aber besonders gut machen.",TEXT_General-Content_Plot,1144940710547906560
249,beabsichtigt,TEXT_General,1144941786940526594
250,Videolinks im Bachmannpreisarchiv,META_Technology_Social-Media,1145066143230648321
251,System,META_Technology_Social-Media,1145066143230648321
252,TDDL,META_Main-Event,1144133352334774273
253,Katharina Schultens liest einen Text,READING_General,1144133352334774273
254,Text,TEXT_General,1144133352334774273
255,sonne im kopf,META_Weather,1145034708884971521
256,"Literaturbetriebler, die abends im Strandbad den Handtuchhüfttanz aufführen, um völlig eleganzbefreit nasse Badehose gegen Unterbuxe zu tauschen",ONSITE-AUDIENCE_Behaviour,1145013908459143168
257,Hitze,META_Weather,1145013528413298689
258,Eindrücke der Lesungen,READING_General,1145013528413298689
259,einige Lesungen im Netz anhören,"META_Technology_Social-Media,READING_General",1145013528413298689
260,Jurysitzungen,JURY_Discussion_Valuation,1145013528413298689
261,Shortlist,META_Shortlist,1145034684835012609
262,Jury,JURY_General,1145034684835012609
263,Tom Kummer,CONTENDER_General,1144133127620763648
264,tddl,META_Main-Event,1145066367864979457
265,tddl19,META_Main-Event,1145066367864979457
266,Wir sind alle August. #Gomringer,JURY_Discussion_Valuation,1144941815314993153
267,Gomringer mag den Text,JURY_Discussion_Valuation,1144940783906230272
268,Text,TEXT_General,1144940783906230272
269,Gomringer hat auch den sehr dubiosen Text von Silvia Tschui eingeladen,JURY_Behaviour,1144940783906230272
270,Text von Silvia Tschui,TEXT_General,1144940783906230272
271,"Publikum, zuhören, nicht aufs Blatt starren",ONSITE-AUDIENCE_Behaviour,1144156647549526017
272,Licht scheint durch den nicht vorhandenen Puschel. #Schultens,TEXT_General-Content_Plot,1144157214762000384
273,die Technik und damit das Dateiformat,META_Technology_Social-Media,1145112131509075979
274,Browser,META_Technology_Social-Media,1145112131509075979
275,mAria,TEXT_Characters,1144157758138257409
276,Livestream,META_Technology_Social-Media,1144156517219950592
277,Pointen,TEXT_General-Content_Plot,1144156517219950592
278,Puschelpelz im Text,TEXT_General-Content_Plot,1144157182231023616
279,Jury-Knatsch,JURY_Discussion_Valuation,1144940812972810240
280,Welt.Heute lesen,READING_General,1144132243788636160
281,Katharina Schultens,CONTENDER_General,1144132243788636160
282,Sarah Wipauer,CONTENDER_General,1144132243788636160
283,12Silvia Tschui,CONTENDER_General,1144132243788636160
284,13.30Julia Jost,CONTENDER_General,1144132243788636160
285,14.30Andrea Gerster,CONTENDER_General,1144132243788636160
286,Literatur habe mit Rest der Welt nix zu tun?,META_Literature_Literary-Prizes,1144132243788636160
287,Rede,META_Opening-Speech,1144132243788636160
288,Bachmann-Wettbewerb 2019 ( #tddl),META_Main-Event,1145012023266336773
289,beim Schreiben die Logik beachten,TEXT_General,1145012023266336773
290,Julia Jost,CONTENDER_General,1145012023266336773
291,Publikumsabstimmung,META_Voting,1145030030831099906
292,"Wer gewonnen hat, das erfahren wir morgen",META_Winner_Award-Ceremony,1145030030831099906
293,Kritik der Kritik,JURY_Discussion_Valuation,1144142415391002624
294,Preisverleihung,META_Winner_Award-Ceremony,1145034370316677120
295,Beim ORF gibt es zu den Lesungen und Diskussionen alle Videos,META_Technology_Social-Media,1145034370316677120
296,Lesungen,READING_General,1145034370316677120
297,Diskussionen,JURY_Discussion_Valuation,1145034370316677120
298,Es geht wieder los!,META_Main-Event,1144145304096256001
299,Bachmann-Livestream,META_Technology_Social-Media,1144145304096256001
300,Die Jurorenschaft beisammen,JURY_General,1145013316722597894
301,Sieger*in,META_Winner_Award-Ceremony,1144997741803782146
302,Wettschwimmen,META_Side-Event,1144997741803782146
303,Er,CONTENDER_General,1144132915099516929
304,Teilnahmeparagräphchen,META_Main-Event,1144132915099516929
305,Banalität des Erzählten,TEXT_General,1144940801241374720
306,"dass Burkhard Spinnen nicht mehr in der Jury ist. Er würde gleich erklären, dass er auch mal in der Ukraine war.",JURY_Behaviour,1144157185808764928
307,Text,TEXT_General,1144156593958924288
308,spekulativem Roman,CONTENDER_Quote,1144156593958924288
309,Puschelpelz in der Sonne,TEXT_General-Content_Plot,1144157771891445760
310,Puschel und Hühnerkacke,TEXT_General-Content_Plot,1144157771891445760
311,*skandier*,TEXT_Flow_Rhythm_Punctuation,1144157771891445760
312,tddl,META_Main-Event,1144157415543365632
313,Text,TEXT_General,1144157782985363461
314,geht es jetzt auch bei #tddl um Vielehe,TEXT_General-Content_Plot,1144157253513220096
315,KlausKastberger,JURY_General,1144941115906449408
316,gomringernora,JURY_General,1144941757907554305
317,"Ein Musiklehrer, der lieber Fliegenfischer ist",TEXT_General-Content_Plot,1145065199998832641
318,Text von Leander Fischer,TEXT_General,1145065199998832641
319,kommt sehr gut an bei der Jury des Bachmann-Wettbewerbs,JURY_Discussion_Valuation,1145065199998832641
320,"Sonntag Mittag wird entschieden, wer den Preis gewinnt",META_Winner_Award-Ceremony,1145065199998832641
321,|Bachmannpreis||es|,META_Main-Event,1145085797168820225
322,für den falschen kandiaten bei #tddl gevoted,META_Voting,1144994141031620608
323,kandiaten,CONTENDER_General,1144994141031620608
324,Furchetwitterrad,META_Technology_Social-Media,1144133399663271937
325,https://twitter.com/KlausKastberger/status/1137266321878605826,META_Online-Assessment,1144133399663271937
326,Text,TEXT_General,1144998073120284672
327,„Stella“,ALLO-REFERENCES_TEXT_Other-Text,1144998073120284672
328,„Stella“-Klondebatte über die literarische Darstellung des Nationalsozialismus,JURY_Discussion_Valuation,1144998073120284672
329,Braucht Literatur Wettbewerbe?,META_Literature_Literary-Prizes,1145046100962922498
330,tddl,META_Main-Event,1144145537375100928
331,standseilbahn,CONTENDER_General,1144145537375100928
332,https://twitter.com/3sat/status/1144139166311223301,META_Online-Assessment,1144145537375100928
333,Die lächerliche Kayfabe der Dichteridentität habe ich selbst besonders hündisch befolgt in meinen jungen Jahren.,META_Opening-Speech,1144145605654130688
334,https://twitter.com/holiode/status/1144141628032110592,META_Online-Assessment,1144145605654130688
335,"Sie schlagen es aus, einen Bestseller zu schreiben...","JURY_Quote,JURY_Discussion_Valuation",1145049697809326081
336,tddl zu streamen,META_Technology_Social-Media,1144138890657374208
337,Text,TEXT_General,1144998072168189952
338,„Stella“,ALLO-REFERENCES_TEXT_Other-Text,1144998072168189952
339,„Stella“-Klondebatte über die literarische Darstellung des Nationalsozialismus,JURY_Discussion_Valuation,1144998072168189952
340,Publikumsabstimmung,META_Voting,1144994573053235200
341,Handy,META_Technology_Social-Media,1144994573053235200
342,Das erste Mal in Klagenfurt bei den #tddl,META_Main-Event,1144133804891750401
343,nun kommen die Kulturpessimisten aus ihren Löchern,META_Online-Assessment,1145083002508206081
344,tddl,META_Main-Event,1145083002508206081
345,https://twitter.com/BenschMoritz/status/1145082101190074374,META_Online-Assessment,1145083002508206081
346,Texte,TEXT_General,1145064818677886976
347,Sprachkünstler,TEXT_Language_Style,1145064818677886976
348,Was ein quark....man darf nicht und unmoralisch... Jetzt auch noch Schreiben nach Vorschrift,JURY_Discussion_Valuation,1144941759006412801
349,Kastberger,JURY_General,1144941006820904960
350,Winkels,JURY_General,1144941006820904960
351,Wilke,JURY_General,1144941006820904960
352,Haltung,JURY_Discussion_Valuation,1144941006820904960
353,Was ist eine Emilia?,TEXT_Quote,1144157258655457280
354,Sie ist eine von fünf Menschen ohne Schwanz im Raum.,TEXT_Quote,1144157897309532160
355,Text,TEXT_General,1144157897309532160
356,"Verwendung des Wortes ""Puschelpelz""",TEXT_Language_Style,1144157477405171712
357,Alle hören sehr genau zu.,TEXT_Quote,1144157981501792256
358,Nervtext,TEXT_General,1144157981501792256
359,Puschelpelz und Hühnerkacke. Das bleibt hängen von der ersten Lesung,TEXT_General-Content_Plot,1144157523576012801
360,ersten Lesung,READING_General,1144157523576012801
361,KlausKastberger,JURY_General,1144941522451914752
362,"@KlausKastberger »Der Text steht in Verdacht, von den Opfern zu profitieren … in unerträglicher Art und Weise«",JURY_Discussion_Valuation,1144940981881659392
363,"»Der Text steht in Verdacht, von den Opfern zu profitieren … in unerträglicher Art und Weise«",None,1144940981881659392
364,Text,TEXT_General,1144940981881659392
365,meine Wahl,TEXT_General,1145067369762643969
366,meine Wahl getroffen,META_Voting,1145067369762643969
367,was,TEXT_General,1145067369762643969
368,was Jury und Publikum favorisieren,META_Voting,1145067369762643969
369,"„Vieles von dem, was ich schreibe, hat keine Ordnung. Sätze, Worte, die abbrechen, im Nichts verlaufen. Ich füge zusammen. Dass etwas mit Großbuchstaben anfängt und mit einem Punkt endet. ... Ich habe keine Sprache, in der ich schreibe.“",TEXT_Quote,1145063695900454912
370,https://twitter.com/tddlit/status/1144533907448180736,META_Online-Assessment,1145063695900454912
371,Portraitvideo,META_Videoportrait,1144999174888394754
372,"Webseite, die für Handy optimiert ist",META_Technology_Social-Media,1144995528096342016
373,tddl,META_Main-Event,1144146362600214529
374,tddl,META_Main-Event,1144141498008649729
375,tddl,META_Main-Event,1144139701823168512
376,geht's los beim #Bachmannpreis,META_Main-Event,1144145940326076416
377,erstes liest Katharina Schultens.,READING_General,1144145940326076416
378,Katharina Schultens,CONTENDER_General,1144145940326076416
379,Silvia Tschui,CONTENDER_General,1144145940326076416
380,Andrea Gerster,CONTENDER_General,1144145940326076416
381,Tom Kummer,CONTENDER_General,1144145940326076416
382,Bei mir hat es geklappt.,META_Voting,1144995440313667584
383,prozedur,META_Voting,1144998204565577728
384,Text,TEXT_General,1145064341668028416
385,Text mich thematisch,TEXT_Motifs_Themes,1145064341668028416
386,Text von #Orthmann,TEXT_General,1145064341668028416
387,Texte,TEXT_General,1145064341668028416
388,thematisch,TEXT_Motifs_Themes,1145064341668028416
389,Sprache,TEXT_Language_Style,1145064341668028416
390,tddl,META_Main-Event,1145082101190074374
391,Hegels,ALLO-REFERENCES_OTHER_Person,1145082101190074374
392,Ende der Kunst,ALLO-REFERENCES_TEXT_Other-Text,1145082101190074374
393,Hannah Arendt in a nutshell,"JURY_Quote,JURY_Discussion_Valuation",1144941002328805381
394,KlausKastberger,JURY_General,1144941747094663168
395,Statement,JURY_Discussion_Valuation,1144941747094663168
396,Maria (mit Betonung auf der ersten Silbe) im Text,TEXT_Characters,1144157500213776384
397,Katharina Schultens,CONTENDER_General,1144157966297370624
398,Stil,TEXT_Language_Style,1144157966297370624
399,stilistisch,TEXT_Language_Style,1144157966297370624
400,Text,TEXT_General,1144157966297370624
401,"Frauen sind ""Chimären"", andere ""Schwanzträger"". #Schultens",TEXT_General-Content_Plot,1144158055799693314
402,kameraführung,META_Montage,1144157360669306881
403,Kastberger,JURY_General,1144941418030538752
404,Beyer lehrt Storytelling,CONTENDER_General,1144941117764505600
405,Gerster lehrt auch Schreiben,CONTENDER_General,1144941117764505600
406,Obszön,JURY_Discussion_Valuation,1144940970619920384
407,Argumentation von Hubert Winkels,JURY_Discussion_Valuation,1144940970619920384
408,"Ja, mach das. Aber pass auf deine Triolen auf!",META_Online-Assessment,1145088772410920960
409,tddl,None,1145057829222518785
410,tddl,META_Main-Event,1144148183473426433
411,Wettlesen bei den #TDDL,META_Main-Event,1144138069446205441
412,Abtrocknen,META_Side-Event,1145009503542435845
413,Abstimmen für den Publikumspreis,META_Voting,1145009503542435845
414,Publikumsabstimmungs-Ding,"META_Voting,META_Technology_Social-Media",1144993991261327361
415,Bühne für einen Literaturpreis,META_Location,1145010738026680320
416,Tom Kummer sagt er macht Gonzo,CONTENDER_General,1144138476125859840
417,tddl,META_Main-Event,1144148383730425856
418,Text macht mir zu oft den Erklärbär,"JURY_Quote,JURY_Discussion_Valuation",1145050617725050882
419,"dass du den Autoren der diesjährigen #tddl unterstellst,dass sie Eulen nach Athen getragen hätten",META_Online-Assessment,1145087548869554176
420,Autoren,CONTENDER_General,1145087548869554176
421,Text,TEXT_General,1144940955491061760
422,schreiben,TEXT_Language_Style,1144940955491061760
423,Hauptfigur,TEXT_Characters,1144940955491061760
424,"Kastberger: stilistisch gelungen, moralisch verwerflich. Der Plauderton des Textes mache ihn unerträglich.",JURY_Discussion_Valuation,1144941118297137152
425,stilistisch,TEXT_Language_Style,1144941118297137152
426,moralisch,TEXT_General-Content_Plot,1144941118297137152
427,Plauderton des Textes,TEXT_Language_Style,1144941118297137152
428,Instrumenralisierung (Wilke),JURY_Discussion_Valuation,1144941371108876288
429,obszön (Winkels),JURY_Discussion_Valuation,1144941371108876288
430,unerträglich (Kastberger),JURY_Discussion_Valuation,1144941371108876288
431,Text von Katharina Schultens,TEXT_General,1144157372237135872
432,Katharina Schultens,CONTENDER_General,1144157372237135872
433,Einige Besucher nutzen den Text als Fächer,ONSITE-AUDIENCE_Behaviour,1144158097180692482
434,Text,TEXT_General,1144158097180692482
435,Perspektivschneise im Text,TEXT_PoV_Narration,1144156969063845890
436,Trend „spekulative Waldprosa“,TEXT_General,1144157289441615872
437,das,META_Online-Assessment,1144158056005197824
438,tddl zu sehen,META_Main-Event,1144158056005197824
439,Autor*innen,CONTENDER_General,1144158056005197824
440,zynischen Kommentare,META_Online-Assessment,1144158056005197824
441,Jury,JURY_General,1144158056005197824
442,nach unten treten,META_Online-Assessment,1144158056005197824
443,man darf nicht? #Kastberger,JURY_Discussion_Valuation,1144941164010885120
444,Mit Dialekt sprechend über Dialekt im Text schimpfen,JURY_Discussion_Valuation,1144941434618994690
445,Dialekt sprechend,JURY_Voice_Language-Use,1144941434618994690
446,Dialekt im Text,TEXT_Language_Style,1144941434618994690
447,Chatsprache,TEXT_Language_Style,1145063554648805376
448,Reise durch Deutschland.,TEXT_General-Content_Plot,1145063554648805376
449,Überblende,TEXT_Language_Style,1145063554648805376
450,"Man erfährt nicht, wie es weitergeht, es geht nix weiter. So klebt die Mövenkacke im Schuh.",TEXT_General-Content_Plot,1145063554648805376
451,Jurydiskussion,JURY_Discussion_Valuation,1145063554648805376
452,Frau Wilke und Herr Kasperger werden nach Cuxhaven reisen.,JURY_Behaviour,1145063554648805376
453,vier gesehen,READING_General,1145091563611181056
454,Diskussion,JURY_Discussion_Valuation,1145091563611181056
455,online nachholen,META_Technology_Social-Media,1145091563611181056
456,meinen Vorschlag,META_Online-Assessment,1144137583405993986
457,Narrations-,TEXT_PoV_Narration,1144137583405993986
458,Sprach-,TEXT_Language_Style,1144137583405993986
459,Form-,TEXT_Form,1144137583405993986
460,Motiv-,TEXT_Motifs_Themes,1144137583405993986
461,https://twitter.com/diefurche/status/1133484947765907456,META_Online-Assessment,1144137583405993986
462,Hitzekollaps,META_Weather,1145022059250159616
463,Hitzekollaps der Literaturkritik,"JURY_Discussion_Valuation,META_Literature_Literary-Prizes",1145022059250159616
464,Literatur,META_Literature_Literary-Prizes,1144148150724288512
465,https://twitter.com/iwonalaub/status/1143908459383001088,META_Online-Assessment,1144148150724288512
466,Greta Thunberg der Literatur,META_Literature_Literary-Prizes,1144991002815582208
467,„Männertag“,CONTENDER_Gender,1145002713152937984
468,Bachmann-Wettschwimmen,META_Side-Event,1145001610780774400
469,Wettbewerbe wie der #tddl,META_Literature_Literary-Prizes,1144990748342980608
470,Longlists,META_Longlist,1144990748342980608
471,"Longlists, Shortlists, Fastgewinner, Sieger",META_Literature_Literary-Prizes,1144990748342980608
472,Shortlists,META_Shortlist,1144990748342980608
473,Fastgewinner,META_Winner_Award-Ceremony,1144990748342980608
474,Sieger,META_Winner_Award-Ceremony,1144990748342980608
475,Preise,META_Literature_Literary-Prizes,1144990748342980608
476,tddl,META_Main-Event,1145021276534321152
477,Bachmannpreis,META_Main-Event,1145021276534321152
478,tddl,META_Main-Event,1144148025348100096
479,tddl,META_Main-Event,1144136020373454848
480,Text,TEXT_General,1145092560886665216
481,konzertanten Performance des Umblätterns,ONSITE-AUDIENCE_Behaviour,1145092560886665216
482,TV-Publikum im Studio,ONSITE-AUDIENCE_General,1145092560886665216
483,im Studio,META_Location,1145092560886665216
484,an den Geräten,META_Technology_Social-Media,1145092560886665216
485,Simultanität des Papierraschelns,ONSITE-AUDIENCE_Behaviour,1145092560886665216
486,den Onlinern,"META_Technology_Social-Media,META_Online-Assessment",1145092560886665216
487,Blog,META_Technology_Social-Media,1145063604682723328
488,Bachmann-Wettbewerb,META_Main-Event,1145063604682723328
489,Story-telling,META_Literature_Literary-Prizes,1144941456307699712
490,"Story-telling in a nutshell: Formal gelungener Kitsch. Geht scheißen, Ihr Dozenten.",JURY_Discussion_Valuation,1144941456307699712
491,Arno Schmidt,ALLO-REFERENCES_TEXT_Other-Author,1144941201868697600
492,tddl,META_Main-Event,1144941201868697600
493,tddl,META_Main-Event,1144158000573243392
494,hören,READING_Pronunciation_Intonation_Understandability,1144157280570621952
495,Text zum mitlesen,TEXT_General,1144157280570621952
496,gomringernora Leia,JURY_Appearance_Clothing,1144156849526251521
497,Erste Lesung,READING_General,1144160468786982912
498,Künftige Welt - radikal gedacht.,TEXT_General-Content_Plot,1144160468786982912
499,Brutal und poetisch,TEXT_Language_Style,1144160468786982912
500,Schultens,CONTENDER_General,1144160767119417344
501,"Satz wie ""hatte das Kind endlich angefangen zu singen, mit einer hellen, zitternden Stimme""",TEXT_Language_Style,1144160767119417344
502,"hatte das Kind endlich angefangen zu singen, mit einer hellen, zitternden Stimme",TEXT_Quote,1144160767119417344
503,Sätze wie der,TEXT_Language_Style,1144160767119417344
504,Feministisches Kyrie eleison,TEXT_General-Content_Plot,1144158716067033088
505,einstieg von katharina schultens,TEXT_General,1144159040181854208
506,erinnert mich an den report der magd,ALLO-REFERENCES_TEXT_Other-Text,1144159040181854208
507,Maxim Biller,ALLO-REFERENCES_TEXT_Other-Author,1144944911000711168
508,tddl,META_Main-Event,1144944911000711168
509,Shortlist,META_Shortlist,1144954212591251457
510,Kastberger,JURY_General,1144944034097614849
511,Gomringer verteidigt den Text.,JURY_Discussion_Valuation,1144941683831988224
512,"Wiederstein der für ""seinen"" #Beyer-Text kämpft",JURY_Discussion_Valuation,1144943097001971712
513,"Jury der einfältige Reflex, den diese selbst beklagt: Sie wünschen sich ihre alte Klischees zurück.",JURY_Discussion_Valuation,1144943097001971712
514,"Beyer versucht uns zu zeigen, wie das Monströse immer uns Normale benutzt.",CONTENDER_General,1144943097001971712
515,tddl,META_Main-Event,1144155587011383296
516,tddl,META_Main-Event,1144156000687206400
517,Video Material,META_Montage,1144156000687206400
518,Kummer,CONTENDER_General,1144979827302313985
519,Braucht Literatur Wettbewerbe?,META_Literature_Literary-Prizes,1144985604612116481
520,Wutausbruch von Bewerbs-Teilnehmerin Katharina Schultens.,CONTENDER_General,1144985604612116481
521,zeitgenössischen österreichischen Literatur,META_Literature_Literary-Prizes,1144152403928920064
522,tddl,META_Main-Event,1144153162628108289
523,"erste Lesende, Katharina Schultens, hat also auch in St. Louis studiert.",CONTENDER_General,1144153084563742720
524,warten alle im Studio,ONSITE-AUDIENCE_Behaviour,1144153084563742720
525,daß es anfängt,META_Main-Event,1144153084563742720
526,Leise läuft The Cure,META_Music,1144153084563742720
527,gleich geht's los,META_Main-Event,1144152171447017473
528,Live auf 3sat und im Stream.,META_Technology_Social-Media,1144152171447017473
529,https://twitter.com/3sat/status/1144139166311223301 …,META_Online-Assessment,1144152171447017473
530,"nur Nora Gomringer weiß, dass es auch nach 1984 viele gute Dystopien gab ...",JURY_Discussion_Valuation,1144985429151834113
531,Nora Gomringer,JURY_General,1144985429151834113
532,1984,ALLO-REFERENCES_TEXT_Other-Text,1144985429151834113
533,tddl,META_Main-Event,1144985429151834113
534,Insa Wilke,JURY_General,1144985429151834113
535,Insa Wilke kennt Ursula K. LeGuin,JURY_Discussion_Valuation,1144985429151834113
536,Ursula K. LeGuin,ALLO-REFERENCES_TEXT_Other-Author,1144985429151834113
537,Handy,META_Technology_Social-Media,1144979281849790464
538,Google,META_Technology_Social-Media,1144979281849790464
539,tipp ich die Adresse ein,META_Technology_Social-Media,1144979281849790464
540,unter Preise abstimmen,META_Voting,1144979281849790464
541,teamjost,CONTENDER_General,1144979281849790464
542,Autorenproträt,META_Videoportrait,1144156017229475840
543,Gleich geht's los beim #bachmannpreis,META_Main-Event,1144155591218253824
544,Lesungen,READING_General,1144155591218253824
545,Dieser Beyer,CONTENDER_General,1144943136944398336
546,Mutter Courage,ALLO-REFERENCES_TEXT_Other-Text,1144941869903859712
547,Mutter Courage Bertolt Brecht. Zum zweiten Mal schon Brecht! #tddlkanon,JURY_Discussion_Valuation,1144941869903859712
548,Bertolt Brecht,ALLO-REFERENCES_TEXT_Other-Author,1144941869903859712
549,Brecht,ALLO-REFERENCES_TEXT_Other-Author,1144941869903859712
550,tddlkanon,ALLO-REFERENCES_General,1144941869903859712
551,Kastberger trifft es!,JURY_Discussion_Valuation,1144944080050409477
552,"im Text steht ""„Haben Sie Kinder?“, fragte er. Er fragte es immer wieder. „Haben Sie Kinder?“ – „Haben Sie Kinder?“ – „Haben Sie Kinder?“ – „Haben Sie Kinder?“ – „Haben Sie Kinder?“""",TEXT_Quote,1144944080050409477
553,beyer Text über Nazi-Mitläufer,TEXT_General-Content_Plot,1144953822198059009
554,tddl,META_Main-Event,1144944850716045313
555,eine Bildergalerie der zuhörender Klagenfurter Schüler,ONSITE-AUDIENCE_General,1144159041972842496
556,buchmannpreis,META_Main-Event,1144158696978731009
557,Frauenpower,CONTENDER_Gender,1144160949718462469
558,ersten Lesetag,META_Main-Event,1144160949718462469
559,Start mit Katharina Schultens,META_Main-Event,1144160949718462469
560,Katharina Schultens,CONTENDER_General,1144160949718462469
561,Text,TEXT_General,1144160496486113280
562,Lippenstift,CONTENDER_Appearance_Clothing,1144160496486113280
563,auf #tddl Tweets geiern,"META_Technology_Social-Media,META_Online-Assessment",1144161013023072256
564,synchron umblättern,ONSITE-AUDIENCE_Behaviour,1144160657178341377
565,literatur,META_Literature_Literary-Prizes,1144160657178341377
566,Bachmannpreis,META_Main-Event,1144158912175845376
567,kollektive Publikum-blättert-um-Geräusch,ONSITE-AUDIENCE_Behaviour,1144158912175845376
568,Nose job,ONSITE-AUDIENCE_Appearance_Clothing,1144158640158519296
569,Text „Das Bein“,TEXT_General,1144160260170665984
570,Vater-Sohn Sterbegeschichte,TEXT_General-Content_Plot,1144160260170665984
571,tddl #bachmannpreishttps,META_Main-Event,1144950269505167361
572,://twitter.com/tddlit/status/1144949899429126145,META_Online-Assessment,1144950269505167361
573,"Frage: ""worüber darf man wie schreiben und warum nicht?""",META_Literature_Literary-Prizes,1144944803299438592
574,Livestream,META_Technology_Social-Media,1144944803299438592
575,Organisation,META_Main-Event,1144944803299438592
576,Autoren,CONTENDER_General,1144944803299438592
577,Jury,JURY_General,1144944803299438592
578,euch für den unterhaltsamen Austausch,META_Online-Assessment,1144944803299438592
579,Der ist ja kein halber Nazi,"JURY_Quote,JURY_Discussion_Valuation",1144943162533863424
580,Der,CONTENDER_General,1144943162533863424
581,an event like the #tddl,META_Main-Event,1144941989743513601
582,German directness (be it from the jury,JURY_Discussion_Valuation,1144941989743513601
583,twittersphere,"META_Technology_Social-Media,META_Online-Assessment",1144941989743513601
584,Katharina Schultens macht den Anfang,CONTENDER_General,1144156123722899457
585,Video-Porträt,META_Videoportrait,1144156123722899457
586,Frau Schultens sitzt,CONTENDER_General,1144155801331875840
587,Gerät,META_Technology_Social-Media,1144984702853533697
588,Browser,META_Technology_Social-Media,1144984702853533697
589,Geräten,META_Technology_Social-Media,1144984702853533697
590,kommen auch viele Votings rein,META_Voting,1144984702853533697
591,publikumspreis,META_Voting,1144984702853533697
592,abgestimmt,META_Voting,1144977937315315713
593,Neue Sitzordnung der Jury,JURY_Seating,1144155182911184896
594,Es läuft the Cure im Studio #tddl,META_Music,1144152841105346561
595,zeitgenössische Texte,META_Literature_Literary-Prizes,1144966602842103809
596,https://twitter.com/JayromeRobinet/status/1144722220796825601,META_Online-Assessment,1144966602842103809
597,Es kann losgehen #tddl,META_Main-Event,1144151736115978240
598,Bachmann Prize,META_Main-Event,1144967118527578112
599,German-language literary culture,META_Literature_Literary-Prizes,1144967118527578112
600,https://twitter.com/sibaerisch/status/1144942859205914624,META_Online-Assessment,1144967118527578112
601,Bachmannwettbewerb,META_Main-Event,1144151858874855424
602,live auf 3sat oder über https://bachmannpreis.orf.at/stories/ondemand,META_Technology_Social-Media,1144151858874855424
603,Hashtag ist #tddl.,META_Technology_Social-Media,1144151858874855424
604,servicetweethttps,META_Technology_Social-Media,1144151858874855424
605,Bachmannwettbewerb,META_Main-Event,1144152946088775680
606,https://twitter.com/tddlit/status/1144146362600214529,META_Online-Assessment,1144152946088775680
607,er,JURY_General,1144978547355934721
608,tddl,META_Main-Event,1144978547355934721
609,leichter wind,META_Weather,1144155236715683840
610,vom wasser. #tddl #lendhafen,META_Location,1144155236715683840
611,Link für den Publikumspreis,META_Technology_Social-Media,1144985079694991361
612,Publikumspreis,META_Voting,1144985079694991361
613,"Video""portraits""",META_Videoportrait,1144156081305915393
614,Martin Beyers Text über die Hinrichtung dreier Mitglieder der Weißen Rose,TEXT_General-Content_Plot,1144941977852698625
615,Streit in der Jury,JURY_Discussion_Valuation,1144941977852698625
616,"Ein Text, der so nicht geschrieben werden darf",JURY_Quote,1144941977852698625
617,"Ein Text, der so nicht geschrieben werden darf, so Winkels",JURY_Discussion_Valuation,1144941977852698625
618,Text,TEXT_General,1144941977852698625
619,Eine Grenze überschritten sieht @KlausKastberger,JURY_Discussion_Valuation,1144941977852698625
620,Wiederstein & @gomringernora halten dagegen,JURY_Discussion_Valuation,1144941977852698625
621,was hättest du gemacht?,"JURY_Quote,JURY_Discussion_Valuation",1144943147656654848
622,Text,TEXT_General,1144943147656654848
623,Klagenfurter Kleidungsstücke 2019,"CONTENDER_Appearance_Clothing,JURY_Appearance_Clothing",1144944821074837504
624,Funzt der Link,META_Technology_Social-Media,1144944821074837504
625,#tddl -Diskussion beteiligten TwitteranerInnen,"META_Technology_Social-Media,META_Online-Assessment",1144950570421297152
626,Emile erinnerte ein dunkles Gluckern,TEXT_Quote,1144160274943029248
627,Kein Erinnern ohne An.,TEXT_Language_Style,1144160274943029248
628,tddl,META_Main-Event,1144158657447366657
629,Video,META_Videoportrait,1144158939308789761
630,Text,TEXT_General,1144158939308789761
631,beim Zuhören,READING_General,1144158939308789761
632,ihn,TEXT_General,1144158939308789761
633,tddl,META_Main-Event,1144160625020559360
634,"Du stehst mit dem Rücken zu deiner Chimäre, Emile!",TEXT_Quote,1144160989866274816
635,Literatur in Klagenfurt,META_Literature_Literary-Prizes,1144118931390697472
636,Frauen in der Überzahl,CONTENDER_Gender,1144118931390697472
637,"Winkels hält den Text für obszön, die Figuren nicht für ambivalent.",JURY_Discussion_Valuation,1144940685877026818
638,Text,TEXT_General,1144940685877026818
639,Figuren,TEXT_Characters,1144940685877026818
640,buchmannpreis,META_Main-Event,1144161058145361920
641,tddl,META_Main-Event,1144160422364352512
642,Habe metadicke Pflanzen verstanden,READING_Pronunciation_Intonation_Understandability,1144159850810753024
643,tddl,META_Main-Event,1144159197833175040
644,https://twitter.com/liaghtsout/status/1144158919843094529,META_Online-Assessment,1144159197833175040
645,angekündigt von Hubert Winkels,JURY_Discussion_Valuation,1144158354425729024
646,Katharina Schultens,CONTENDER_General,1144158354425729024
647,von Fehlgeburten erzählt,TEXT_General-Content_Plot,1144158354425729024
648,Jury,JURY_General,1144158354425729024
649,kayfabe -Rede,META_Opening-Speech,1144158354425729024
650,tddl-Grind,META_Main-Event,1144948107576320000
651,Follower,META_Technology_Social-Media,1144948107576320000
652,Wendungen,TEXT_General-Content_Plot,1144946487681527808
653,Wortschatz der Landserheftchen,TEXT_Language_Style,1144946487681527808
654,"An alle, die sich über Kitsch und Klischees beschweren",META_Online-Assessment,1144943034238455808
655,Kitsch und Klischees,TEXT_General-Content_Plot,1144943034238455808
656,Täter-Erzähler,TEXT_PoV_Narration,1144943034238455808
657,Was-darf-Literatur-und-was-nicht-Diskussion,JURY_Discussion_Valuation,1144942228135170050
658,Video-Portrait,META_Videoportrait,1144156287095267328
659,Christian Ankowitsch,JURY_General,1144155544397254657
660,Ernst A. Grandits,JURY_General,1144155544397254657
661,Ijoma A. Mangold,JURY_General,1144155544397254657
662,Birnbacher,CONTENDER_General,1144961637495033857
663,Schultens,CONTENDER_General,1144961637495033857
664,Heute beginnt es,META_Main-Event,1144153613268344832
665,Katharina Schultens,CONTENDER_General,1144153613268344832
666,Sarah Wipauer,CONTENDER_General,1144153613268344832
667,standseilbahn,CONTENDER_General,1144153613268344832
668,Silvia Tschui,CONTENDER_General,1144153613268344832
669,Bachmannpreis,META_Main-Event,1144150344785682432
670,tddl,META_Main-Event,1144150344785682432
671,Dass Kriege die Menschen verändern,TEXT_General-Content_Plot,1144987110488838145
672,Silvia Tschui,CONTENDER_General,1144987110488838145
673,Lesen! Lesen! Lesen! Lesen!,"TEXT_General,READING_General",1144154664268697601
674,tddl,META_Main-Event,1144154664268697601
675,technische Probleme,META_Technology_Social-Media,1144973332783214592
676,Abstimmzeit,META_Voting,1144973332783214592
677,weiterführender Link,META_Technology_Social-Media,1144969945819885569
678,publikumspreis,META_Voting,1144969945819885569
679,"nur Nora Gomringer weiß, dass es auch nach 1984 viele gute Dystopien gab ...",JURY_Discussion_Valuation,1144985615043313664
680,Nora Gomringer,JURY_General,1144985615043313664
681,1984,ALLO-REFERENCES_TEXT_Other-Text,1144985615043313664
682,tddl,META_Main-Event,1144985615043313664
683,Insa Wilke,JURY_General,1144985615043313664
684,Insa Wilke kennt Ursula K. LeGuin,JURY_Discussion_Valuation,1144985615043313664
685,Ursula K. LeGuin,ALLO-REFERENCES_TEXT_Other-Author,1144985615043313664
686,Bachmannpreis,META_Main-Event,1144154627249717248
687,#tddl muten,META_Technology_Social-Media,1144154627249717248
688,Clemens Setz' https://bachmannpreis.orf.at/stories/2987078/,META_Opening-Speech,1144150327521939457
689,Bachmann-Wettbewerb,META_Main-Event,1144961305167769600
690,Autorin,CONTENDER_General,1144961305167769600
691,Jury mit ihrer Deutung,JURY_Discussion_Valuation,1144961305167769600
692,tddl ab 10 Uhr live,META_Main-Event,1144153571925069824
693,live auf @3sat oder im Livestream,META_Technology_Social-Media,1144153571925069824
694,Literatur,META_Literature_Literary-Prizes,1144155569667923968
695,Videoportär,META_Videoportrait,1144156318737031168
696,Text,TEXT_General,1144156318737031168
697,"Martin Beyers Roman ""Und ich war da""",TEXT_General,1144942429851791361
698,Text,TEXT_General,1144942900905684993
699,"Preise für: Ronya Othmann, Sarah Wipauer, Birgit Birnbacher und Ines Birkhan",META_Voting,1144945631422832640
700,Ronya Othmann,CONTENDER_General,1144945631422832640
701,Sarah Wipauer,CONTENDER_General,1144945631422832640
702,Birgit Birnbacher,CONTENDER_General,1144945631422832640
703,Ines Birkhan,CONTENDER_General,1144945631422832640
704,Ich wünsche mir Preise für · Katharina Schultens · Birgit Birnbacher · Ines Birkhan,META_Voting,1144947998822141953
705,Katharina Schultens,CONTENDER_General,1144947998822141953
706,Birgit Birnbacher,CONTENDER_General,1144947998822141953
707,Ines Birkhan,CONTENDER_General,1144947998822141953
708,Sätze,TEXT_Language_Style,1144158227506114562
709,Valium-Lesetempo hört,READING_Flow_Rhythm_Punctuation,1144158227506114562
710,tddl,META_Main-Event,1144159114647527425
711,Keyfabe,META_Opening-Speech,1144159833119219712
712,https://twitter.com/DorisBrockmann/status/1144159675333713920,META_Online-Assessment,1144159833119219712
713,tddl,META_Main-Event,1144160425388494848
714,Wer wünscht sich nach dem Schultens-Text keine eigene Chimäre?,TEXT_General-Content_Plot,1144161168635944965
715,Grundton der Jury,JURY_Discussion_Valuation,1144940697675554816
716,Text,TEXT_General,1144940697675554816
717,tddl,META_Main-Event,1144123477542285312
718,"Texte, die sich besser vorlesen/hören lassen",TEXT_General,1144160396099706880
719,Autor*innen,CONTENDER_General,1144160396099706880
720,Ally Kleins Text,TEXT_General,1144160396099706880
721,zum Vorlesen/Zuhören,READING_General,1144160396099706880
722,gelesen,READING_General,1144160396099706880
723,Andere,TEXT_General,1144160396099706880
724,dicht,TEXT_Language_Style,1144160396099706880
725,"»Das Summen hatte keinen Anfang, es war einfach da.«",TEXT_Quote,1144161049953951744
726,Schultens-Text,TEXT_General,1144158553822892032
727,Namen,TEXT_Characters,1144158553822892032
728,Text,TEXT_General,1144159216426455040
729,sprachlich,TEXT_Language_Style,1144159216426455040
730,in der Nachbesprechung wird Thomas Bernhard genannt,"JURY_Discussion_Valuation,ALLO-REFERENCES_TEXT_Other-Author",1144946612688609287
731,tddl,META_Main-Event,1144948623932907520
732,Wiederstein-Autoren,CONTENDER_General,1144942102272454658
733,Shortlist,META_Shortlist,1144942102272454658
734,@clemensetz zitieren,META_Opening-Speech,1144942863442173953
735,Beyer,CONTENDER_General,1144944782277533697
736,"Beyer benutzt Kitsch, um eine Figur mit Kitschanteilen zu schreiben, und er benutzt den Kitsch auch für alles andere",TEXT_General,1144944782277533697
737,Figur,TEXT_Characters,1144944782277533697
738,neue sitzordnung,JURY_Behaviour,1144155528412745729
739,Videoportrait,META_Videoportrait,1144156178697637888
740,ankowitsch,JURY_General,1144150547152478212
741,fächerübergreifender Punkah im Studio,META_Location,1144153644855648256
742,Texte,TEXT_General,1144974942259351552
743,Sarah Wipauer,CONTENDER_General,1144974942259351552
744,Ronya Othmann,CONTENDER_General,1144974942259351552
745,Brigit Birnbacher,CONTENDER_General,1144974942259351552
746,Julia Jost,CONTENDER_General,1144974942259351552
747,Publikumspreis,META_Voting,1144974942259351552
748,Ines Birkhan,CONTENDER_General,1144974942259351552
749,wettschwimmen,META_Side-Event,1144987414005465093
750,tddl,META_Main-Event,1144987632985935873
751,standseilbahn zitate,TEXT_General,1144975560063508481
752,Frau Keller hat die alle weggefächert.,JURY_Behaviour,1144153774216351744
753,https://twitter.com/engl/status/1144153162628108289,META_Online-Assessment,1144153774216351744
754,Ich-Bin-Autor-Videos,META_Videoportrait,1144150832138637313
755,"Versuche, das Format Vorstellungsvideo zu ironisieren",META_Videoportrait,1144150832138637313
756,Videoportraits,META_Videoportrait,1144156148532219905
757,Texte,TEXT_General,1144156148532219905
758,Internet-Applaus,META_Technology_Social-Media,1144155329317560320
759,Teilnehmerinnen und Teilnehmer,CONTENDER_General,1144155329317560320
760,Livestream,META_Technology_Social-Media,1144155329317560320
761,tddl,META_Main-Event,1144944667013857282
762,"Kastberger Text ""unerträglich"" nennt",JURY_Discussion_Valuation,1144942770248978432
763,Text,TEXT_General,1144942770248978432
764,unerträglich,JURY_Quote,1144942770248978432
765,Lesung,READING_General,1144942770248978432
766,Gmünder,JURY_General,1144942044495958018
767,tddl,META_Main-Event,1144949058227884032
768,5 Texte,TEXT_General,1144949058227884032
769,5 Texte denen ihr Punkte geben würdet,META_Voting,1144949058227884032
770,Wipauer,CONTENDER_General,1144949058227884032
771,Othmann,CONTENDER_General,1144949058227884032
772,Schultens,CONTENDER_General,1144949058227884032
773,Jost,CONTENDER_General,1144949058227884032
774,Birnbacher,CONTENDER_General,1144949058227884032
775,Ich-Erzähler,TEXT_PoV_Narration,1144947072573083650
776,sowas Ähnliches,TEXT_General,1144159307359031298
777,Der Text wird von der Autorin leider etwas ins Lethargische gelesen,READING_Pronunciation_Intonation_Understandability,1144158630167678977
778,Überalterung im Publikum,ONSITE-AUDIENCE_Age,1144160314553982977
779,15-jährigen,ONSITE-AUDIENCE_Age,1144160314553982977
780,Wettlesen am W�rthersee,META_Main-Event,1014812423205916672
781,am W�rthersee,META_Location,1014812423205916672
782,Das Setting,META_Location,1014812423205916672
783,das Publikum l�uft herrlich anarchisch durch das Livebild,ONSITE-AUDIENCE_Behaviour,1014812423205916672
784,durch das Livebild,META_Montage,1014812423205916672
785,Figuren im Text,TEXT_Characters,1014814182280171521
786,Figuren im Text schlafen miteinander,TEXT_General-Content_Plot,1014814182280171521
787,Husten im Publikum,ONSITE-AUDIENCE_Behaviour,1014814182280171521
788,�Bitte sitzen bleiben! Wir sind noch nicht fertig!�,JURY_Quote,1014825100921720832
789,lustig flottierende Publikum,ONSITE-AUDIENCE_Behaviour,1014825100921720832
790,im Klagenfurter @3sat-Studio,META_Location,1014825100921720832
791,"Publikum gef�llt: Sonnenbrille, Sommerhut",ONSITE-AUDIENCE_Appearance_Clothing,1014845016794193920
792,"Publikum gef�llt: Sonnenbrille, Sommerhut, viel F�chern mit 3sat-F�chern",ONSITE-AUDIENCE_Behaviour,1014845016794193920
793,90% der Zuh�rer im Studio,ONSITE-AUDIENCE_General,1014857863615991808
794,im Studio,META_Location,1014857863615991808
795,"�hnliches erlebt, wie im Text beschrieben",TEXT_General-Content_Plot,1014857863615991808
796,Lesungen,READING_General,1014914347922059264
797,Gespr�che.Jeweils,JURY_Discussion_Valuation,1014914347922059264
798,Texte,TEXT_General,1014914347922059264
799,Publikum,ONSITE-AUDIENCE_General,1014914347922059264
800,Geschehnisse rund um den Bachmannpreis,META_Main-Event,1014914347922059264
801,Das Studiopublikum lacht,ONSITE-AUDIENCE_Behaviour,1015145143278718976
802,Zusammenschnitt des Vortrags,META_Montage,1015145143278718976
803,Vortrags,READING_General,1015145143278718976
804,Husten im Publikum,ONSITE-AUDIENCE_Behaviour,1015150130134179841
805,eine ganze Reihe Publikum aufspringen und rufen m�ssen,ONSITE-AUDIENCE_Behaviour,1015160116243521536
806,tddl,META_Main-Event,1015160116243521536
807,Szenenapplaus,ONSITE-AUDIENCE_Behaviour,1015164880033320960
808,klopfjazz,META_Music,1015164880033320960
809,Langer Applaus,ONSITE-AUDIENCE_Behaviour,1014600924126425088
810,Rede Zaimoglus,META_Opening-Speech,1014600924126425088
811,Publikum ist aber dankbar,ONSITE-AUDIENCE_General,1015181254889787392
812,worum es geht,TEXT_General-Content_Plot,1015181254889787392
813,Text von Tanja Maljartschuk,TEXT_General,1015181371101401088
814,Tanja Maljartschuk,CONTENDER_General,1015181371101401088
815,Geschichte,TEXT_General-Content_Plot,1015181371101401088
816,Applaus am Schluss,ONSITE-AUDIENCE_Behaviour,1015181371101401088
817,Applaus,ONSITE-AUDIENCE_Behaviour,1015181409290514433
818,Maljartschuk,CONTENDER_General,1015181409290514433
819,Applaus,ONSITE-AUDIENCE_Behaviour,1015181467759136768
820,"Endlich Literatur, sagt Nora Gomringer","JURY_Quote,JURY_Discussion_Valuation",1015181467759136768
821,Literatur,TEXT_General,1015181467759136768
822,Kollektives Aufatmen,ONSITE-AUDIENCE_Behaviour,1015181731803095041
823,klassisch erz�hlte Geschichte,TEXT_PoV_Narration,1015181731803095041
824,es regnet gleich,META_Weather,1015202911784243200
825,publikum w�rde wohl trotzdem sitzen bleiben,ONSITE-AUDIENCE_Behaviour,1015202911784243200
826,manche im Publikum sehen aus wie ich,ONSITE-AUDIENCE_Appearance_Clothing,1015213981869445121
827,Applaus,ONSITE-AUDIENCE_Behaviour,1015217572126580736
828,kriegt Herr Neft den Publikumspreis,META_Winner_Award-Ceremony,1015217572126580736
829,Herr Neft,CONTENDER_General,1015217572126580736
830,Applaus,ONSITE-AUDIENCE_Behaviour,1015218264371326976
831,diesen #tddl18,META_Main-Event,1015218264371326976
832,Anselm Neft,CONTENDER_General,1015218264371326976
833,Show,READING_General,1015218264371326976
834,gelesen,READING_General,1015218264371326976
835,Flashbacks,TEXT_General-Content_Plot,1015218264371326976
836,Lacher im Studio,ONSITE-AUDIENCE_Behaviour,1015511946228043776
837,euch Flauschis,ONSITE-AUDIENCE_General,1015511946228043776
838,tddl18 jetzt geht es los,META_Main-Event,1014782342118944768
839,Publikum ist extrem fokussiert,ONSITE-AUDIENCE_Behaviour,1014782342118944768
840,wenn jemand umkippt,ONSITE-AUDIENCE_Behaviour,1015512616515571712
841,jazz,META_Music,1015512616515571712
842,Musik,META_Music,1015512614447800320
843,performance,READING_General,1015512750020276224
844,goetz,"CONTENDER_General,ALLO-REFERENCES_TEXT_Other-Author",1015512750020276224
845,Jazzmusik,META_Music,1015512880584822784
846,jemand Bewusstloses aus dem Studio getragen wird,ONSITE-AUDIENCE_Behaviour,1015512880584822784
847,aus dem Studio,META_Location,1015512880584822784
848,die Dame,ONSITE-AUDIENCE_General,1015513222030548992
849,Publikum,ONSITE-AUDIENCE_General,1015513255270371329
850,der Dame,ONSITE-AUDIENCE_General,1015513755898261504
851,1te Lesung des Tages,READING_General,1015515551811166208
852,Jakob Nolte,CONTENDER_General,1015515551811166208
853,Person aus dem Publikum,ONSITE-AUDIENCE_General,1015515551811166208
854,die da vorhin umgefallen ist,ONSITE-AUDIENCE_Behaviour,1015515551811166208
855,KlausKastberger: �Ich m�chte noch was zum Kokain sagen.�,JURY_Discussion_Valuation,1015522141415067649
856,�Ich m�chte noch was zum Kokain sagen.�,JURY_Quote,1015522141415067649
857,Publikum lacht,ONSITE-AUDIENCE_Behaviour,1015522141415067649
858,mit dem Publikum mitgeklatscht,ONSITE-AUDIENCE_Behaviour,1015523549120008192
859,mit rosa Rundumbrillenb�gel im Publikum sitzen,ONSITE-AUDIENCE_Appearance_Clothing,1014787138163036160
860,Das klatshende publikum harrt der ge�usserten weisheiten,ONSITE-AUDIENCE_Behaviour,1015529764118032386
861,ge�usserten weisheiten,JURY_Discussion_Valuation,1015529764118032386
862,Hildegard Keller,JURY_General,1015532195157553153
863,Vortrag,READING_General,1015532195157553153
864,TV-Publikum,ONSITE-AUDIENCE_General,1015532195157553153
865,"Ein trauriger Clown, der auf unsere Welt schaut",JURY_Discussion_Valuation,1015532195157553153
866,Bachmannpreis im Lendhafen 2018,META_Main-Event,1016260498470391808
867,im Lendhafen,META_Location,1016260498470391808
868,"Mitwirkenden, die Erm�glicher*innen",JURY_General,1016260498470391808
869,Publikum,ONSITE-AUDIENCE_General,1016260498470391808
870,Preistr�ger*innen,"CONTENDER_General,META_Winner_Award-Ceremony",1016260498470391808
871,Publikum,ONSITE-AUDIENCE_General,1023618645526753280
872,�ber #tddl18,META_Main-Event,1023618645526753280
873,eine der AutorInen,CONTENDER_General,1023618645526753280
874,raphiedel,CONTENDER_General,1023618645526753280
875,Applaus,ONSITE-AUDIENCE_Behaviour,1014794624081256450
876,@KlausKastberger den Text hochgelobt hat,JURY_Discussion_Valuation,1014794624081256450
877,Text,TEXT_General,1014794624081256450
878,Eigentlich sind ja alle M�nner Ausf�llungstechniker,JURY_Quote,1014795320385994753
879,Eigentlich sind ja alle M�nner Ausf�llungstechniker (Nora Gomringer),JURY_Discussion_Valuation,1014795320385994753
880,"das Publikum scheint nicht ganz sicher, ob es dar�ber lachen darf",ONSITE-AUDIENCE_Behaviour,1014795320385994753
881,alle m�nner sind auff�llungstechniker,JURY_Quote,1014795448509452289
882,das publikum,ONSITE-AUDIENCE_General,1014795448509452289
883,nora gomringer,JURY_General,1014795448509452289
884,Das Publikum klatscht wieder,ONSITE-AUDIENCE_Behaviour,1014797444838821888
885,die einzige Autorin aus �sterreich,CONTENDER_General,1014797444838821888
886,Text,TEXT_General,1014805157845102592
887,Publikum,ONSITE-AUDIENCE_General,1014805157845102592
888,Der @ankowitsch muss wieder das Publikum zur Ordnung rufen,JURY_Behaviour,1014811848665980928
889,"das Publikum zur Ordnung rufen, das durchs Bild l�uft",ONSITE-AUDIENCE_Behaviour,1014811848665980928
890,seine Lesung,READING_General,1030745596599128064
891,Text,TEXT_General,1015209907572953089
892,Vortrag,READING_General,1015209907572953089
893,bov,CONTENDER_General,1015209907572953089
894,Gleich liest,READING_General,1015209907572953089
895,#AnselmNeft,CONTENDER_General,1015209907572953089
896,Auf Einladung von @gomringernora,JURY_General,1015210721574080512
897,liest jetzt,READING_General,1015210721574080512
898,Anselm Neft,CONTENDER_Gender,1015210721574080512
899,Neft,CONTENDER_General,1015215164231208960
900,Neft liest,READING_General,1015215164231208960
901,Text,TEXT_General,1015215164231208960
902,wenn Autoren wie Schauspieler lesen,"CONTENDER_General,READING_General",1015215306229387265
903,ihre Stimmen verstellen,CONTENDER_Voice_Language-Use,1015215306229387265
904,Autor liest,READING_General,1015509978621382656
905,Umblätterbewegung,ONSITE-AUDIENCE_Behaviour,1015509978621382656
906,Der liest,READING_General,1015510822615961600
907,Text,TEXT_General,1015510822615961600
908,#Nolte liest jetzt flüssiger,READING_Flow_Rhythm_Punctuation,1015513389634908161
909,#Nolte liest,READING_General,1015513435029819392
910,Nolte,CONTENDER_General,1015513435029819392
911,Kollaps eines Gastes,ONSITE-AUDIENCE_Behaviour,1015513435029819392
912,Autor,CONTENDER_General,1015513435029819392
913,Text,TEXT_General,1015513435029819392
914,Fluss,TEXT_Flow_Rhythm_Punctuation,1015513435029819392
915,beim zuhören,READING_General,1015511387651608577
916,sätze,TEXT_Language_Style,1015511387651608577
917,@bov,CONTENDER_General,1015511387651608577
918,"Die einzige österreichische Teilnehmerin, Raphaela Edelbauer",CONTENDER_General,1014787427783847936
919,liest jetzt als erste,READING_General,1014787427783847936
920,den #tddl18,META_Main-Event,1014787427783847936
921,Nolte,CONTENDER_General,1015514291691286528
922,liest,READING_General,1015514291691286528
923,Text,TEXT_General,1015549703457472512
924,#Dündar liest,READING_General,1015549703457472512
925,kontinuierliche Steigerung von Wort 1 bis jetzt zum Höhepunkt,TEXT_Language_Style,1015549703457472512
926,Sie liest,READING_General,1015549760609112065
927,Text,TEXT_General,1015549760609112065
928,Der Gewinner liest,READING_General,1015890276961931264
929,Gewinner,CONTENDER_General,1015890276961931264
930,Vater-Sohn-Geschichte,TEXT_General-Content_Plot,1015890276961931264
931,Bov #Bjerg,CONTENDER_General,1015890276961931264
932,unterhaltsam,TEXT_General,1015149639430037504
933,vortrag,READING_General,1015149639430037504
934,plottwist,TEXT_General-Content_Plot,1015149639430037504
935,Bachmanngucken auf 3sat,META_Main-Event,1014789051768037376
936,Lesungen,READING_General,1014789051768037376
937,überträgt @3sat live,META_Technology_Social-Media,1014796172467286016
938,live aus Klagenfurt,META_Location,1014796172467286016
939,Lesungen,READING_General,1014796172467286016
940,Diskussionen,JURY_Discussion_Valuation,1014796172467286016
941,42. Tage der deutschsprachigen Literatur,META_Main-Event,1014796172467286016
942,Preisverleihungen,META_Winner_Award-Ceremony,1014796172467286016
943,Twitter-Seite,META_Technology_Social-Media,1014796172467286016
944,die #tddl,META_Main-Event,1014797927020052480
945,die erste Lesung,READING_General,1014797927020052480
946,Bachmannpreis 2018,META_Main-Event,1014798627657715713
947,Raphaela Edelbauer hat gelesen,READING_General,1014798627657715713
948,Martina Clavadetscher,CONTENDER_General,1014798627657715713
949,Jetzt liest die Schweizerin Martina Clavadetscher,READING_General,1014798952066109440
950,Schweizerin Martina Clavadetscher,CONTENDER_General,1014798952066109440
951,Dialekt,CONTENDER_Voice_Language-Use,1014798952066109440
952,vorgelesenen Text,READING_General,1014800522337976321
953,Text,TEXT_General,1014800522337976321
954,Eröffnungsrede,META_Opening-Speech,1014800522337976321
955,Gleich (12:00) liest #StephanLohse,READING_General,1014809158196125698
956,Bachmannpreis,META_Main-Event,1014809158196125698
957,Auf @3sat,META_Technology_Social-Media,1014809158196125698
958,jetzt liest der deutsche Autor Stephan Lohse,READING_General,1014812338791346176
959,Ein fauler Gott,TEXT_General,1014812338791346176
960,Es liest,READING_General,1014812955647594496
961,Schauspieler Stephan Lohse,CONTENDER_General,1014812955647594496
962,»Lumumbaland«,TEXT_General,1014812955647594496
963,die einzige österreichische Teilnehmerin @raphiedel,CONTENDER_General,1011197628930056194
964,Sie liest,READING_General,1011197628930056194
965,Einladung von @KlausKastberger,JURY_General,1011197628930056194
966,Lohse liest im Tonfall,READING_Pronunciation_Intonation_Understandability,1014813694008717312
967,Viel Namedropping,TEXT_General-Content_Plot,1014813694008717312
968,livegrind,META_Technology_Social-Media,1014814374274502656
969,bachmannpreis-lesungen,READING_General,1014814374274502656
970,Lohse's Stimme,CONTENDER_Voice_Language-Use,1014814686955687939
971,die der Frauen,CONTENDER_Voice_Language-Use,1014814686955687939
972,zuhören,READING_General,1014814686955687939
973,"ein Weißer der einen Text mit dem Titel ""Lumumbaland"" liest",READING_General,1014814686955687939
974,"Text mit dem Titel ""Lumumbaland""",TEXT_Title,1014814686955687939
975,Lohse liest so,READING_General,1014815517717270529
976,Texte,TEXT_General,1014824096356556800
977,Lesung,READING_General,1014824096356556800
978,dieser,TEXT_General,1014824096356556800
979,am Ende der Lesung,READING_General,1014824096356556800
980,"Jury,",JURY_General,1014824096356556800
981,eine Schweizerin,CONTENDER_General,1014837407525539843
982,jetzt liest Anna Stern,READING_General,1014837407525539843
983,Erste Autorin,CONTENDER_General,1014837858220347393
984,im Stehen liest,READING_General,1014837858220347393
985,Pausen.,READING_Flow_Rhythm_Punctuation,1014839878620762113
986,auswendig gelesen,READING_General,1014840670488551424
987,Der @bov,CONTENDER_General,1014841326955843585
988,Christopher Nolan,ALLO-REFERENCES_SCREEN_Director_Actor,1014841326955843585
989,Klagenfurt,META_Location,1014841326955843585
990,wenn er liest,READING_General,1014841326955843585
991,Lesungen zum Bachmannpreis,READING_General,1014244953206214656
992,tddl-Lesungen,READING_General,1014841414570651649
993,Anna Stern liest,READING_General,1014841782750924800
994,Die langen Pausen,READING_Flow_Rhythm_Punctuation,1014841782750924800
995,Text,TEXT_General,1014841782750924800
996,Brille,CONTENDER_Appearance_Clothing,1014841782750924800
997,in jeder langen Pause,READING_Flow_Rhythm_Punctuation,1014842120761376769
998,Text,TEXT_General,1014842120761376769
999,den Pausen,READING_General,1014842780357681152
1000,Und um was geht es eigentlich?,TEXT_General-Content_Plot,1014842780357681152
1001,Jetzt liest Joshua Groß,READING_General,1014851339518693377
1002,heutigen #tddl Lesungen,READING_General,1014857545578577920
1003,liest er,READING_General,1014857635957493760
1004,er liest,READING_General,1014857809530380290
1005,heutigen Lesungen,READING_General,1014864563957878785
1006,lesungen,READING_General,1014865263215480832
1007,bachmannpreis,META_Main-Event,1014865263215480832
1008,jurydiskussionen,JURY_Discussion_Valuation,1014865263215480832
1009,Fixpunkt im Twitterjahr,META_Technology_Social-Media,1014429561096949760
1010,die 42. #TddL eröffnet,META_Main-Event,1014429561096949760
1011,Lesungen,READING_General,1014429561096949760
1012,Diskussionen,JURY_Discussion_Valuation,1014429561096949760
1013,Der #Schriftsteller Anselm Neft,CONTENDER_General,1014872029659648003
1014,Bald liest er,READING_General,1014872029659648003
1015,#BachmannPreis,META_Main-Event,1014872029659648003
1016,in #Klagenfurt,META_Location,1014872029659648003
1017,Jury,JURY_General,1014896359089082369
1018,Lesung,READING_General,1014896359089082369
1019,Lesung,READING_General,1014896442111090688
1020,raphiedel,CONTENDER_General,1014896442111090688
1021,Mischung aus Wissenschaft und Poesie,TEXT_Language_Style,1014896442111090688
1022,Jury hat viel interpretiert,JURY_Discussion_Valuation,1014896442111090688
1023,Sprache,TEXT_Language_Style,1014896442111090688
1024,#tddl-Vortragsstimme,CONTENDER_Voice_Language-Use,1014923785340846080
1025,#BachmannPreis Lesung,READING_General,1014963709691777027
1026,Raphaela Edelbauer,CONTENDER_General,1014963709691777027
1027,Klaus Kastberger - Weniger Pathos ist manchmal mehr,JURY_Discussion_Valuation,1014963709691777027
1028,Insa Wilke,JURY_General,1014963709691777027
1029,Statik des Textes,TEXT_Form,1014963709691777027
1030,#BachmannPreis Lesung,READING_General,1014964824890015746
1031,Raphaela Edelbauer,CONTENDER_General,1014964824890015746
1032,Hubert Winkels,JURY_General,1014964824890015746
1033,Text,TEXT_General,1014964824890015746
1034,Stefan Gmünder,JURY_General,1014964824890015746
1035,#BachmannPreis Lesung,READING_General,1014968223236808706
1036,Raphaela Edelbauer,CONTENDER_General,1014968223236808706
1037,Hildegard Keller,JURY_General,1014968223236808706
1038,Michael Wiederstein,JURY_General,1014968223236808706
1039,Text,TEXT_General,1014968223236808706
1040,Nora Gomringer,CONTENDER_General,1014968223236808706
1041,Nora Gomringer - Feminismus als Argumentationsmittel,JURY_Discussion_Valuation,1014968223236808706
1042,Lesungen,READING_General,1014968718563184642
1043,Jurygespräche,JURY_Discussion_Valuation,1014968718563184642
1044,@raphiedel,CONTENDER_General,1014968718563184642
1045,Raphaela Edelbauer,CONTENDER_General,1014968718563184642
1046,Anna Stern,CONTENDER_General,1014968718563184642
1047,#BachmannPreis Lesung,READING_General,1014979263915810820
1048,Martina Clavadetscher,CONTENDER_General,1014979263915810820
1049,Stefan Gmünder,JURY_General,1014979263915810820
1050,Stefan Gmünder - gute Meinung,JURY_Discussion_Valuation,1014979263915810820
1051,Hubert Winkels,JURY_General,1014979263915810820
1052,Kritik,JURY_Discussion_Valuation,1014979263915810820
1053,#BachmannPreis Lesung,READING_General,1014980562187116544
1054,Martina Clavadetscher,CONTENDER_General,1014980562187116544
1055,Hildegard Keller,JURY_General,1014980562187116544
1056,Text,TEXT_General,1014980562187116544
1057,Michael Wiederstein,JURY_General,1014980562187116544
1058,eigenen Kritik,JURY_Discussion_Valuation,1014980562187116544
1059,den #tddl,META_Main-Event,1014486926525648896
1060,#AnselmNeft,CONTENDER_General,1014486926525648896
1061,Lesung,READING_General,1014486926525648896
1062,beim #bachmannwettbewerb2018,META_Main-Event,1014486926525648896
1063,Unser Autor,CONTENDER_General,1014486926525648896
1064,nach Klagenfurt fährt,META_Location,1014486926525648896
1065,#BachmannPreis Lesung,READING_General,1014983571126345735
1066,Martina Clavadetscher,CONTENDER_General,1014983571126345735
1067,Nora Gomringer,JURY_General,1014983571126345735
1068,Diese Kritik,JURY_Discussion_Valuation,1014983571126345735
1069,Lesung,READING_General,1015136454123687936
1070,#AnselmNeft,CONTENDER_General,1015136454123687936
1071,den #tddl,META_Main-Event,1015136454123687936
1072,unser Autor,CONTENDER_General,1015136454123687936
1073,Lesungen,READING_General,1015138772969771008
1074,Mediathek,META_Technology_Social-Media,1015138772969771008
1075,Bachmannwettbewerb,META_Main-Event,1015141781518905344
1076,liest die erste Kandidatin,READING_General,1015141781518905344
1077,Michael Wiederstein,JURY_General,1015141781518905344
1078,Ally Klein,CONTENDER_General,1015141781518905344
1079,Videos des ersten Tages,META_Technology_Social-Media,1015141781518905344
1080,Lesung,READING_General,1015146401511165952
1081,erste lesung vom bachmannpreis,READING_General,1015147550943404032
1082,lesung von corinna sievers,READING_General,1015151008387862528
1083,corinna sievers,CONTENDER_General,1015151008387862528
1084,eintönig,READING_Pronunciation_Intonation_Understandability,1015151008387862528
1085,bewerbungs-videos,META_Videoportrait,1015151008387862528
1086,lesung,READING_General,1015151008387862528
1087,Lesung,READING_General,1015151055494053888
1088,Sie liest,READING_General,1015164413165305857
1089,ihre Sprache,CONTENDER_Voice_Language-Use,1015164413165305857
1090,Text,TEXT_General,1015165277590425600
1091,vorliest,READING_General,1015165277590425600
1092,Wettlesen um den Ingeborg-Bachmann-Preis,META_Main-Event,1014536533305589760
1093,in #Klagenfurt,META_Location,1014536533305589760
1094,Reihenfolge der Lesenden,READING_General,1014536533305589760
1095,Lesungen,READING_General,1014536533305589760
1096,Diskussionen,JURY_Discussion_Valuation,1014536533305589760
1097,#allyklein liest,READING_General,1015168131201949697
1098,stimmreich,READING_Pronunciation_Intonation_Understandability,1015168131201949697
1099,"ihrem Text ""Carter""",TEXT_General,1015168131201949697
1100,Lesung,READING_General,1015173462716043264
1101,beim #Bachmannwettbewerb,META_Main-Event,1015173462716043264
1102,die Gesichter der Jury,CONTENDER_Appearance_Clothing,1015173462716043264
1103,Jetzt liest,READING_General,1015175333161635841
1104,Autorin Tanja Maljartschuk,CONTENDER_General,1015175333161635841
1105,ein Kurzporträt von Natalka,TEXT_General-Content_Plot,1015179482687303680
1106,gelesen von Tanja Maljartschuk,READING_General,1015179482687303680
1107,Tanja Maljartschuk,CONTENDER_General,1015179482687303680
1108,es geht schon los,META_Main-Event,1015198272774959104
1109,Nachmittagslesungen,READING_General,1015198272774959104
1110,@bov,CONTENDER_General,1015198272774959104
1111,Anselm Neft,CONTENDER_General,1015198272774959104
1112,Live auf 3Sat,META_Technology_Social-Media,1015198272774959104
1113,Eine Familiengeschichte,TEXT_General-Content_Plot,1015198682327801856
1114,gelesen @bov,READING_General,1015198682327801856
1115,gelesen,READING_General,1015201593111863296
1116,tddl,META_Main-Event,1015201593111863296
1117,bovbjerg,CONTENDER_General,1015201593111863296
1118,Machs wie Miltos,TEXT_General,1015213436597362688
1119,Lesung,READING_General,1015213436597362688
1120,Macht er super,CONTENDER_General,1015213436597362688
1121,Lesung,READING_General,1015214361856675840
1122,Kritiker,JURY_General,1015251921261690882
1123,der Joshua Groß Lesung,READING_General,1015251921261690882
1124,Lesungen,READING_General,1015251921261690882
1125,beim Bachmann Preis,META_Main-Event,1015251921261690882
1126,Joshua Groß liest,READING_General,1014765791454081024
1127,#Bachmannwettbewerb,META_Main-Event,1014765791454081024
1128,Lesung von Joshua Groß,READING_General,1015254115176407040
1129,Klaus Kastberger,CONTENDER_General,1015254115176407040
1130,sozialen Medien wie Twitter,META_Technology_Social-Media,1015254115176407040
1131,Text,TEXT_General,1015254115176407040
1132,Insa Wilke,CONTENDER_General,1015254115176407040
1133,Lesung von Joshua Groß,READING_General,1015255250612170753
1134,Stefan Gmünder,JURY_General,1015255250612170753
1135,Kritiken,JURY_Discussion_Valuation,1015255250612170753
1136,Hubert Winkels,JURY_General,1015255250612170753
1137,Bildungsroman,TEXT_General-Content_Plot,1015255250612170753
1138,den anderen Kritikern,JURY_General,1015255250612170753
1139,Lesung von Joshua Groß,READING_General,1015256442528509953
1140,Hildegard Keller,JURY_Behaviour,1015256442528509953
1141,Hauptfigur,TEXT_Characters,1015256442528509953
1142,Sound des Textes,TEXT_Language_Style,1015256442528509953
1143,Kritik,JURY_Discussion_Valuation,1015256442528509953
1144,Michael Wiederstein,JURY_General,1015256442528509953
1145,Text,TEXT_General,1015256442528509953
1146,Lesung von Joshua Groß,READING_General,1015258255487008768
1147,Nora Gomringer,JURY_General,1015258255487008768
1148,Sagst du auch bitches und hoes,JURY_Voice_Language-Use,1015258255487008768
1149,sprachinnovativ,TEXT_Language_Style,1015258255487008768
1150,Lesung von Corinna T.Sievers,READING_General,1015282585298227200
1151,Klaus Kastberger,JURY_General,1015282585298227200
1152,Hätte ein Mann diesen Text geschrieben,CONTENDER_Gender,1015282585298227200
1153,Text,TEXT_General,1015282585298227200
1154,Meinungen,JURY_Discussion_Valuation,1015282585298227200
1155,Insa Wilke,JURY_General,1015282585298227200
1156,Literarische Radikalität,TEXT_General-Content_Plot,1015282585298227200
1157,Lesung von Corinna T.Sievers,READING_General,1015283372170600448
1158,Stefan Gmünder,JURY_General,1015283372170600448
1159,Kritik,JURY_Discussion_Valuation,1015283372170600448
1160,Hubert Winkels,JURY_General,1015283372170600448
1161,Freud,ALLO-REFERENCES_OTHER_Person,1015283372170600448
1162,Lesung von Corinna T.Sievers,READING_General,1015284087479730176
1163,Hildegard Keller,JURY_General,1015284087479730176
1164,Die Kollegen,JURY_General,1015284087479730176
1165,Kritik,JURY_Discussion_Valuation,1015284087479730176
1166,Michael Wiederstein,JURY_General,1015284087479730176
1167,Lesung von Corinna T.Sievers,READING_General,1015284689144295424
1168,Nora Gomringer,JURY_General,1015284689144295424
1169,Lesung von @bov,READING_General,1015309436821352448
1170,Text,TEXT_General,1015309436821352448
1171,ersten Satz,TEXT_Language_Style,1015309436821352448
1172,Den Text hören,READING_General,1015310379356950528
1173,Text,TEXT_General,1015310379356950528
1174,Stimme,CONTENDER_Voice_Language-Use,1015310379356950528
1175,Klang,READING_Pronunciation_Intonation_Understandability,1015310379356950528
1176,beschriebenen Orte,TEXT_General-Content_Plot,1015310379356950528
1177,Feridun Zaimoglu,META_Opening-Speech,1014770273671942144
1178,den #bachmannwettbewerb eröffnet,META_Main-Event,1014770273671942144
1179,Wienerin Raphaela Edelbauer,CONTENDER_General,1014770273671942144
1180,Lesungen,READING_General,1014770273671942144
1181,Live auf @3sat,META_Technology_Social-Media,1014770273671942144
1182,Lesung,READING_General,1015333581193928707
1183,Autors #AnselmNeft,CONTENDER_General,1015333581193928707
1184,bei den #tddl,META_Main-Event,1015333581193928707
1185,die Server @tddlit,META_Technology_Social-Media,1015333581193928707
1186,nicht veröffentlichten Text,TEXT_General,1015333581193928707
1187,findet man nun online,META_Technology_Social-Media,1015333581193928707
1188,Lesung von Ally Klein,READING_General,1015338024115359744
1189,Insa Wilke,JURY_General,1015338024115359744
1190,Bilder,TEXT_General-Content_Plot,1015338024115359744
1191,Stefan Gmünder,JURY_General,1015338024115359744
1192,Lesung von Ally Klein,READING_General,1015338846463168512
1193,Hubert Winkels,JURY_General,1015338846463168512
1194,Kritik,JURY_Discussion_Valuation,1015338846463168512
1195,Sherlock Holmes,ALLO-REFERENCES_TEXT_Other-Text,1015338846463168512
1196,Hildegard Keller,JURY_General,1015338846463168512
1197,Feedback an Autorin,JURY_Discussion_Valuation,1015338846463168512
1198,Performance,READING_General,1015338846463168512
1199,Text,TEXT_General,1015339631884361728
1200,gelesen,READING_General,1015339631884361728
1201,Sprache,TEXT_Language_Style,1015339631884361728
1202,Lesung von Ally Klein,READING_General,1015340309323100160
1203,Michael Wiederstein,JURY_General,1015340309323100160
1204,Text,TEXT_General,1015340309323100160
1205,Nora Gomringer,JURY_General,1015340309323100160
1206,Lesung,READING_General,1015340309323100160
1207,letzter Lesetag mit 4 Lesungen,READING_General,1015507693249941504
1208,https://twitter.com/literaturcafe/status/1015506816871161856,META_Online-Assessment,1015507693249941504
1209,Lesung,READING_General,1015509303682363394
1210,ohne Bart,CONTENDER_Appearance_Clothing,1015509303682363394
1211,Leseduktus,READING_Pronunciation_Intonation_Understandability,1015509465444093952
1212,Lesung,READING_General,1015515641430859776
1213,Texte,TEXT_General,1015528451175043072
1214,von professionellen Vorlesenden gelesen werden,READING_General,1015528451175043072
1215,Jetzt geht es los,META_Main-Event,1014783659856056320
1216,Raphaela Edelbauer liest,READING_General,1014783659856056320
1217,einen Romanauszug,TEXT_Form,1014783659856056320
1218,Lesung,READING_General,1015533474365820928
1219,"googeln, zwei Mediengeräte",META_Technology_Social-Media,1015533474365820928
1220,auf 3 sat,META_Main-Event,1015539904720359424
1221,letzte Lesungen,READING_General,1015539904720359424
1222,Bachmannpreis 2018,META_Main-Event,1015539904720359424
1223,Lesungen um den Ingeborg-Bachmann-Preis,READING_General,1015539904720359424
1224,"unveröffentlichte, original deutschsprachige Prosatexte",TEXT_Language_Style,1015539904720359424
1225,maximalen Lesedauer von 25 Minuten,TEXT_Form,1015539904720359424
1226,Lesungen,READING_General,1015545662518235136
1227,Lesung von Özlem Özgül Dündar,READING_General,1015552128847368192
1228,Text ausschließlich kleingeschrieben und ohne Interpunktionen,TEXT_Language_Style,1015552128847368192
1229,Text,TEXT_General,1015552985873690624
1230,Vortrag,READING_General,1015552985873690624
1231,Özlem #Dündar,CONTENDER_General,1015552985873690624
1232,pausenfüllende Stimmen-Imitation,META_Side-Event,1015552985873690624
1233,lesung,READING_General,1015562227942903808
1234,Die Autoren,CONTENDER_General,1015574118484365315
1235,Autoren haben fertig gelesen,READING_General,1015574118484365315
1236,gebloggt,META_Technology_Social-Media,1015574118484365315
1237,für den Publikumspreis abstimmen,META_Voting,1015574118484365315
1238,ihn,CONTENDER_General,1015576143863394304
1239,für sein alter,CONTENDER_Age,1015576143863394304
1240,lesung,READING_General,1015576143863394304
1241,https://twitter.com/liberatour/status/1015573512549957632,META_Online-Assessment,1015576143863394304
1242,Ich habe für Özlem gestimmt,META_Voting,1015646627716005888
1243,Özlem,CONTENDER_General,1015646627716005888
1244,Lesung,READING_General,1015646627716005888
1245,https://twitter.com/elifverlag/status/1015518374766530561,META_Online-Assessment,1015646627716005888
1246,gelesen,READING_General,1015886907224543232
1247,Text,TEXT_General,1015886907224543232
1248,den Herrn Magister,CONTENDER_General,1015886907224543232
1249,"Georg Kleins ""Miakro""",ALLO-REFERENCES_TEXT_Other-Text,1014785883952820225
1250,Raphaela Edelbauer da vorliest,READING_General,1014785883952820225
